category,subcategory,group,size.group,size.overlap.category,size.category,Description,size.overlap.term,size.term,k.K,p.adjust,qvalue,ENTREZIDs,SYMBOLs,ENSEMBLIDs
H,,Factor7_all,5252,846,4383,HALLMARK_UV_RESPONSE_DN,49,144,0.340277778,7.91E-04,NA,11099/8476/7048/4781/1902/57178/1301/323/92/5577/5577/6310/390/2274/10611/23345/6383/5999/2697/3815/3382/2869/6717/5581/5737/594/7799/7035/1859/136/4609/3690/27032/10395/10395/5578/273/861/3480/4052/10000/10000/1843/5376/7410/4131/9863/5293/2152/4233/857/7082/7082,PTPN21/CDC42BPA/TGFBR2/NFIB/LPAR1/ZMIZ1/COL11A1/APBB2/ACVR2A/PRKAR2B/PRKAR2B/ATXN1/RND3/FHL2/PDLIM5/SYNE1/SDC2/RGS4/GJA1/KIT/ICA1/GRK5/SRI/PRKCE/PTGFR/BCKDHB/PRDM2/TFPI/DYRK1A/ADORA2B/MYC/ITGB3/ATP2C1/DLC1/DLC1/PRKCA/AMPH/RUNX1/IGF1R/LTBP1/AKT3/AKT3/DUSP1/PMP22/VAV2/MAP1B/MAGI2/PIK3CD/F3/MET/CAV1/TJP1/TJP1,ENSG00000070778/ENSG00000143776/ENSG00000163513/ENSG00000147862/ENSG00000198121/ENSG00000108175/ENSG00000060718/ENSG00000163697/ENSG00000121989/ENSG00000005249/ENSG00000284096/ENSG00000124788/ENSG00000115963/ENSG00000115641/ENSG00000163110/ENSG00000131018/ENSG00000169439/ENSG00000117152/ENSG00000152661/ENSG00000157404/ENSG00000003147/ENSG00000198873/ENSG00000075142/ENSG00000171132/ENSG00000122420/ENSG00000083123/ENSG00000116731/ENSG00000003436/ENSG00000157540/ENSG00000170425/ENSG00000136997/ENSG00000259207/ENSG00000017260/ENSG00000164741/ENSG00000288673/ENSG00000154229/ENSG00000078053/ENSG00000159216/ENSG00000140443/ENSG00000049323/ENSG00000117020/ENSG00000275199/ENSG00000120129/ENSG00000109099/ENSG00000160293/ENSG00000131711/ENSG00000187391/ENSG00000171608/ENSG00000117525/ENSG00000105976/ENSG00000105974/ENSG00000104067/ENSG00000277401
H,,Factor7_all,5252,846,4383,HALLMARK_ESTROGEN_RESPONSE_EARLY,59,200,0.295,0.006246358,NA,5366/64919/7074/6196/6505/9314/23286/2274/1952/375449/794/794/10439/8204/2697/3856/11098/863/6840/10105/89797/6542/9060/25800/11057/5241/54463/7033/56603/2353/9612/115/4609/25976/3625/60481/55638/80004/7022/10395/10395/4681/3705/3705/7869/3480/107/21/9846/1960/595/54898/4886/2288/23389/28966/596/10125/9620/29107/9467/54020,PMAIP1/BCL11B/TIAM1/RPS6KA2/SLC1A1/KLF4/WWC1/FHL2/CELSR2/MAST4/CALB2/CALB2/OLFM1/NRIP1/GJA1/KRT8/PRSS23/CBFA2T3/SVIL/PPIF/NAV2/SLC7A2/PAPSS2/SLC39A6/ABHD2/PGR/RETREG1/TFF3/CYP26B1/FOS/NCOR2/ADCY9/MYC/TIPARP/INHBB/ELOVL5/SYBU/ESRP2/TFAP2C/DLC1/DLC1/NBL1/ITPK1/ITPK1/SEMA3B/IGF1R/ADCY1/ABCA3/GAB2/EGR3/CCND1/ELOVL2/NPY1R/FKBP4/MED13L/SNX24/BCL2/RASGRP1/CELSR1/NXT1/SH3BP5/SLC37A1,ENSG00000141682/ENSG00000127152/ENSG00000156299/ENSG00000071242/ENSG00000106688/ENSG00000136826/ENSG00000113645/ENSG00000115641/ENSG00000143126/ENSG00000069020/ENSG00000172137/ENSG00000282830/ENSG00000130558/ENSG00000180530/ENSG00000152661/ENSG00000170421/ENSG00000150687/ENSG00000129993/ENSG00000197321/ENSG00000108179/ENSG00000166833/ENSG00000003989/ENSG00000198682/ENSG00000141424/ENSG00000140526/ENSG00000082175/ENSG00000154153/ENSG00000160180/ENSG00000003137/ENSG00000170345/ENSG00000196498/ENSG00000162104/ENSG00000136997/ENSG00000163659/ENSG00000163083/ENSG00000012660/ENSG00000147642/ENSG00000103067/ENSG00000087510/ENSG00000164741/ENSG00000288673/ENSG00000158747/ENSG00000100605/ENSG00000274958/ENSG00000012171/ENSG00000140443/ENSG00000164742/ENSG00000167972/ENSG00000033327/ENSG00000179388/ENSG00000110092/ENSG00000197977/ENSG00000164128/ENSG00000004478/ENSG00000123066/ENSG00000064652/ENSG00000171791/ENSG00000172575/ENSG00000075275/ENSG00000132661/ENSG00000131370/ENSG00000160190
H,,Factor7_all,5252,846,4383,HALLMARK_KRAS_SIGNALING_UP,58,200,0.29,0.007666356,NA,2982/5593/8404/101/6801/3575/9314/5649/9734/894/51704/6304/2115/4013/3486/3624/9935/1240/639/9358/50856/50856/83734/10221/10253/5121/2119/23531/7035/3673/1794/2745/6480/23268/28951/81602/3398/5801/55107/3237/9945/7869/8854/10418/650/3936/719/6662/10806/10806/10320/867/9910/57332/3481/2517/5178/4320/4320/5329/4803,GUCY1A1/PRKG2/SPARCL1/ADAM8/STRN/IL7R/KLF4/RELN/HDAC9/CCND2/GPRC5B/SATB1/ETV1/VWA5A/IGFBP3/INHBA/MAFB/CMKLR1/PRDM1/ITGBL1/CLEC4A/CLEC4A/ATG10/TRIB1/SPRY2/PCP4/ETV5/MMD/TFPI/ITGA2/DOCK2/GLRX/ST6GAL1/DNMBP/TRIB2/CDADC1/ID2/PTPRR/ANO1/HOXD11/GFPT2/SEMA3B/ALDH1A2/SPON1/BMP2/LCP1/C3AR1/SOX9/SDCCAG8/SDCCAG8/IKZF1/CBL/RABGAP1L/CBX8/IGF2/FUCA1/PEG3/MMP11/MMP11/PLAUR/NGF,ENSG00000164116/ENSG00000138669/ENSG00000152583/ENSG00000151651/ENSG00000115808/ENSG00000168685/ENSG00000136826/ENSG00000189056/ENSG00000048052/ENSG00000118971/ENSG00000167191/ENSG00000182568/ENSG00000006468/ENSG00000110002/ENSG00000146674/ENSG00000122641/ENSG00000204103/ENSG00000174600/ENSG00000057657/ENSG00000198542/ENSG00000111729/ENSG00000284697/ENSG00000152348/ENSG00000173334/ENSG00000136158/ENSG00000183036/ENSG00000244405/ENSG00000108960/ENSG00000003436/ENSG00000164171/ENSG00000134516/ENSG00000173221/ENSG00000073849/ENSG00000107554/ENSG00000071575/ENSG00000102543/ENSG00000115738/ENSG00000153233/ENSG00000131620/ENSG00000128713/ENSG00000131459/ENSG00000012171/ENSG00000128918/ENSG00000262655/ENSG00000125845/ENSG00000136167/ENSG00000171860/ENSG00000125398/ENSG00000054282/ENSG00000276111/ENSG00000185811/ENSG00000110395/ENSG00000152061/ENSG00000141570/ENSG00000167244/ENSG00000179163/ENSG00000198300/ENSG00000099953/ENSG00000275365/ENSG00000011422/ENSG00000134259
H,,Factor7_all,5252,846,4383,HALLMARK_EPITHELIAL_MESENCHYMAL_TRANSITION,55,200,0.275,0.031043593,NA,2817/6641/1301/3725/800/1462/3486/3624/50863/871/5999/2697/10085/6445/22943/10631/1009/284217/1004/1293/2619/3908/388/7474/3673/2199/5021/1490/1303/9235/7040/3398/6695/6422/3690/23705/4147/2247/30008/4035/4313/7456/7057/5376/5817/3678/1282/59/355/7058/5654/2517/5329/4017/4016,GPC1/SNTB1/COL11A1/JUN/CALD1/VCAN/IGFBP3/INHBA/NTM/SERPINH1/RGS4/GJA1/EDIL3/SGCG/DKK1/POSTN/CDH11/LAMA1/CDH6/COL6A3/GAS1/LAMA2/RHOB/WNT5A/ITGA2/FBLN2/OXTR/CCN2/COL12A1/IL32/TGFB1/ID2/SPOCK1/SFRP1/ITGB3/CADM1/MATN2/FGF2/EFEMP2/LRP1/MMP2/WIPF1/THBS1/PMP22/PVR/ITGA5/COL4A1/ACTA2/FAS/THBS2/HTRA1/FUCA1/PLAUR/LOXL2/LOXL1,ENSG00000063660/ENSG00000172164/ENSG00000060718/ENSG00000177606/ENSG00000122786/ENSG00000038427/ENSG00000146674/ENSG00000122641/ENSG00000182667/ENSG00000149257/ENSG00000117152/ENSG00000152661/ENSG00000164176/ENSG00000102683/ENSG00000107984/ENSG00000133110/ENSG00000140937/ENSG00000101680/ENSG00000113361/ENSG00000163359/ENSG00000180447/ENSG00000196569/ENSG00000143878/ENSG00000114251/ENSG00000164171/ENSG00000163520/ENSG00000180914/ENSG00000118523/ENSG00000111799/ENSG00000008517/ENSG00000105329/ENSG00000115738/ENSG00000152377/ENSG00000104332/ENSG00000259207/ENSG00000182985/ENSG00000132561/ENSG00000138685/ENSG00000172638/ENSG00000123384/ENSG00000087245/ENSG00000115935/ENSG00000137801/ENSG00000109099/ENSG00000073008/ENSG00000161638/ENSG00000187498/ENSG00000107796/ENSG00000026103/ENSG00000186340/ENSG00000166033/ENSG00000179163/ENSG00000011422/ENSG00000134013/ENSG00000129038
H,,Factor7_all,5252,846,4383,HALLMARK_APICAL_JUNCTION,49,200,0.245,0.267682142,NA,3384/11096/3680/88/55742/1462/257194/9379/57863/58/794/794/347902/24146/4763/6850/1009/1004/1297/1006/54509/3673/5097/2770/57463/5522/5747/3386/81/81/80381/253559/8745/65266/1013/9672/1002/1002/5335/3383/8754/8754/7781/9344/4313/10000/10000/2533/7410/51148/10174/1384/7082/7082/5788/5788,ICAM2/ADAMTS5/ITGA9/ACTN2/PARVA/VCAN/NEGR1/NRXN2/CADM3/ACTA1/CALB2/CALB2/AMIGO2/CLDN15/NF1/SYK/CDH11/CDH6/COL9A1/CDH8/RHOF/ITGA2/PCDH1/GNAI1/AMIGO1/PPP2R2C/PTK2/ICAM4/ACTN4/ACTN4/CD276/CADM2/ADAM23/WNK4/CDH15/SDC3/CDH4/CDH4/PLCG1/ICAM1/ADAM9/ADAM9/SLC30A3/TAOK2/MMP2/AKT3/AKT3/FYB1/VAV2/CERCAM/SORBS3/CRAT/TJP1/TJP1/PTPRC/PTPRC,ENSG00000108622/ENSG00000154736/ENSG00000144668/ENSG00000077522/ENSG00000197702/ENSG00000038427/ENSG00000172260/ENSG00000110076/ENSG00000162706/ENSG00000143632/ENSG00000172137/ENSG00000282830/ENSG00000139211/ENSG00000106404/ENSG00000196712/ENSG00000165025/ENSG00000140937/ENSG00000113361/ENSG00000112280/ENSG00000150394/ENSG00000139725/ENSG00000164171/ENSG00000156453/ENSG00000127955/ENSG00000181754/ENSG00000074211/ENSG00000169398/ENSG00000105371/ENSG00000130402/ENSG00000282844/ENSG00000103855/ENSG00000175161/ENSG00000114948/ENSG00000126562/ENSG00000129910/ENSG00000162512/ENSG00000179242/ENSG00000280641/ENSG00000124181/ENSG00000090339/ENSG00000168615/ENSG00000282230/ENSG00000115194/ENSG00000149930/ENSG00000087245/ENSG00000117020/ENSG00000275199/ENSG00000082074/ENSG00000160293/ENSG00000167123/ENSG00000120896/ENSG00000095321/ENSG00000104067/ENSG00000277401/ENSG00000081237/ENSG00000262418
H,,Factor7_all,5252,846,4383,HALLMARK_HEDGEHOG_SIGNALING,12,36,0.333333333,0.267682142,NA,6252/8851/1808/7088/4825/1400/4763/4897/8828/1021/23493/9620,RTN1/CDK5R1/DPYSL2/TLE1/NKX6-1/CRMP1/NF1/NRCAM/NRP2/CDK6/HEY2/CELSR1,ENSG00000139970/ENSG00000176749/ENSG00000092964/ENSG00000196781/ENSG00000163623/ENSG00000072832/ENSG00000196712/ENSG00000091129/ENSG00000118257/ENSG00000105810/ENSG00000135547/ENSG00000075275
H,,Factor7_all,5252,846,4383,HALLMARK_MYOGENESIS,49,200,0.245,0.267682142,NA,178/6450/25803/88/8082/8048/3490/9172/9172/23604/3486/1012/3479/58/859/23175/688/6445/165/1191/23654/4208/6840/1489/4607/89797/4629/4629/9463/9260/4842/1293/8497/2180/3908/624/4684/11156/11156/7040/115/2934/5569/2247/25937/10278/4046/4046/1306/10174/11155/5816/5816/1384,AGL/SH3BGR/SPDEF/ACTN2/SSPN/CSRP3/IGFBP7/MYOM2/MYOM2/DAPK2/IGFBP3/CDH13/IGF1/ACTA1/CAV3/LPIN1/KLF5/SGCG/AEBP1/CLU/PLXNB2/MEF2C/SVIL/CTF1/MYBPC3/NAV2/MYH11/MYH11/PICK1/PDLIM7/NOS1/COL6A3/PPFIA4/ACSL1/LAMA2/BDKRB2/NCAM1/PTP4A3/PTP4A3/TGFB1/ADCY9/GSN/PKIA/FGF2/WWTR1/EFS/LSP1/LSP1/COL15A1/SORBS3/LDB3/PVALB/PVALB/CRAT,ENSG00000162688/ENSG00000185437/ENSG00000124664/ENSG00000077522/ENSG00000123096/ENSG00000129170/ENSG00000163453/ENSG00000036448/ENSG00000274137/ENSG00000035664/ENSG00000146674/ENSG00000140945/ENSG00000017427/ENSG00000143632/ENSG00000182533/ENSG00000134324/ENSG00000102554/ENSG00000102683/ENSG00000106624/ENSG00000120885/ENSG00000196576/ENSG00000081189/ENSG00000197321/ENSG00000150281/ENSG00000134571/ENSG00000166833/ENSG00000133392/ENSG00000276480/ENSG00000100151/ENSG00000196923/ENSG00000089250/ENSG00000163359/ENSG00000143847/ENSG00000151726/ENSG00000196569/ENSG00000168398/ENSG00000149294/ENSG00000184489/ENSG00000275575/ENSG00000105329/ENSG00000162104/ENSG00000148180/ENSG00000171033/ENSG00000138685/ENSG00000018408/ENSG00000100842/ENSG00000130592/ENSG00000288199/ENSG00000204291/ENSG00000120896/ENSG00000122367/ENSG00000100362/ENSG00000274665/ENSG00000095321
H,,Factor7_all,5252,846,4383,HALLMARK_INFLAMMATORY_RESPONSE,48,200,0.24,0.270326906,NA,6504/3575/7432/1902/92/3601/1441/2015/3624/8671/6354/5142/5099/1240/684/4067/6717/8578/8578/10507/9111/6542/166929/1906/3732/136/3386/5791/8807/4609/3690/27032/6892/6892/6892/6892/6892/3454/5734/3383/10663/7096/3932/719/10630/5817/3678/5025/5329/2152/10125/4233/5008,SLAMF1/IL7R/VIP/LPAR1/ACVR2A/IL15RA/CSF3R/ADGRE1/INHBA/SLC4A4/CCL7/PDE4B/PCDH7/CMKLR1/BST2/LYN/SRI/SCARF1/SCARF1/SEMA4D/NMI/SLC7A2/SGMS2/EDN1/CD82/ADORA2B/ICAM4/PTPRE/IL18RAP/MYC/ITGB3/ATP2C1/TAPBP/TAPBP/TAPBP/TAPBP/TAPBP/IFNAR1/PTGER4/ICAM1/CXCR6/TLR1/LCK/C3AR1/PDPN/PVR/ITGA5/P2RX4/PLAUR/F3/RASGRP1/MET/OSM,ENSG00000117090/ENSG00000168685/ENSG00000146469/ENSG00000198121/ENSG00000121989/ENSG00000134470/ENSG00000119535/ENSG00000174837/ENSG00000122641/ENSG00000080493/ENSG00000108688/ENSG00000184588/ENSG00000169851/ENSG00000174600/ENSG00000130303/ENSG00000254087/ENSG00000075142/ENSG00000074660/ENSG00000276336/ENSG00000187764/ENSG00000123609/ENSG00000003989/ENSG00000164023/ENSG00000078401/ENSG00000085117/ENSG00000170425/ENSG00000105371/ENSG00000132334/ENSG00000115607/ENSG00000136997/ENSG00000259207/ENSG00000017260/ENSG00000231925/ENSG00000206281/ENSG00000236490/ENSG00000112493/ENSG00000206208/ENSG00000142166/ENSG00000171522/ENSG00000090339/ENSG00000172215/ENSG00000174125/ENSG00000182866/ENSG00000171860/ENSG00000162493/ENSG00000073008/ENSG00000161638/ENSG00000135124/ENSG00000011422/ENSG00000117525/ENSG00000172575/ENSG00000105976/ENSG00000099985
H,,Factor7_all,5252,846,4383,HALLMARK_MITOTIC_SPINDLE,48,199,0.24120603,0.270326906,NA,8476/7074/1894/51735/9874/8470/9493/10611/4001/613/4643/23637/57787/9462/9771/6904/6904/4763/7840/23022/11346/8440/54509/3619/1794/4739/26271/832/10128/9564/9564/81/81/2934/55755/116840/11004/3835/9735/9344/134549/8874/6790/5116/3831/25/79658/9266/22974/4751/10426/10426,CDC42BPA/TIAM1/ECT2/RAPGEF6/TLK1/SORBS2/KIF23/PDLIM5/LMNB1/BCR/MYO1E/RABGAP1/MARK4/RASAL2/RAPGEF5/TBCD/TBCD/NF1/ALMS1/PALLD/SYNPO/NCK2/RHOF/INCENP/DOCK2/NEDD9/FBXO5/CAPZB/LRPPRC/BCAR1/BCAR1/ACTN4/ACTN4/GSN/CDK5RAP2/CNTROB/KIF2C/KIF22/KNTC1/TAOK2/SHROOM1/ARHGEF7/AURKA/PCNT/KLC1/ABL1/ARHGAP10/CYTH2/TPX2/NEK2/TUBGCP3/TUBGCP3,ENSG00000143776/ENSG00000156299/ENSG00000114346/ENSG00000158987/ENSG00000198586/ENSG00000154556/ENSG00000137807/ENSG00000163110/ENSG00000113368/ENSG00000186716/ENSG00000157483/ENSG00000011454/ENSG00000007047/ENSG00000075391/ENSG00000136237/ENSG00000141556/ENSG00000278759/ENSG00000196712/ENSG00000116127/ENSG00000129116/ENSG00000171992/ENSG00000071051/ENSG00000139725/ENSG00000149503/ENSG00000134516/ENSG00000111859/ENSG00000112029/ENSG00000077549/ENSG00000138095/ENSG00000050820/ENSG00000285460/ENSG00000130402/ENSG00000282844/ENSG00000148180/ENSG00000136861/ENSG00000170037/ENSG00000142945/ENSG00000079616/ENSG00000184445/ENSG00000149930/ENSG00000164403/ENSG00000102606/ENSG00000087586/ENSG00000160299/ENSG00000126214/ENSG00000097007/ENSG00000071205/ENSG00000105443/ENSG00000088325/ENSG00000117650/ENSG00000126216/ENSG00000282003
H,,Factor7_all,5252,846,4383,HALLMARK_WNT_BETA_CATENIN_SIGNALING,13,42,0.30952381,0.270326906,NA,81029/894/8321/1499/22943/3516/10023/2770/9612/4609/6932/182/23493,WNT5B/CCND2/FZD1/CTNNB1/DKK1/RBPJ/FRAT1/GNAI1/NCOR2/MYC/TCF7/JAG1/HEY2,ENSG00000111186/ENSG00000118971/ENSG00000157240/ENSG00000168036/ENSG00000107984/ENSG00000168214/ENSG00000165879/ENSG00000127955/ENSG00000196498/ENSG00000136997/ENSG00000081059/ENSG00000101384/ENSG00000135547
H,,Factor7_all,5252,846,4383,HALLMARK_PANCREAS_BETA_CELLS,12,40,0.3,0.315151292,NA,1803/4825/5122/9935/4005/3642/6833/2645/10000/10000/5126/5080/1113/1113,DPP4/NKX6-1/PCSK1/MAFB/LMO2/INSM1/ABCC8/GCK/AKT3/AKT3/PCSK2/PAX6/CHGA/CHGA,ENSG00000197635/ENSG00000163623/ENSG00000175426/ENSG00000204103/ENSG00000135363/ENSG00000173404/ENSG00000006071/ENSG00000106633/ENSG00000117020/ENSG00000275199/ENSG00000125851/ENSG00000007372/ENSG00000100604/ENSG00000276781
H,,Factor7_all,5252,846,4383,HALLMARK_KRAS_SIGNALING_DN,46,200,0.23,0.402234378,NA,10964/4908/1630/79085/658/1280/9194/4599/1952/57451/7038/3352/5737/7032/941/2895/6528/11346/4842/5317/10022/57118/2044/3351/7356/5164/1906/10734/5077/797/1950/7781/6336/5071/56848/9328/1358/54901/55220/51168/29799/1907/5133/5133/6531/6531/83439/525,IFI44L/NTF3/DCC/SLC25A23/BMPR1B/COL2A1/SLC16A7/MX1/CELSR2/TENM2/TG/HTR1D/PTGFR/TFF2/CD80/GRID2/SLC5A5/SYNPO/NOS1/PKP1/INSL5/CAMK1D/EPHA5/HTR1B/SCGB1A1/PDK2/EDN1/STAG3/PAX3/CALCB/EGF/SLC30A3/SCN10A/PRKN/SPHK2/GTF3C5/CPA2/CDKAL1/KLHDC8A/MYO15A/YPEL1/EDN2/PDCD1/PDCD1/SLC6A3/SLC6A3/TCF7L1/ATP6V1B1,ENSG00000137959/ENSG00000185652/ENSG00000187323/ENSG00000125648/ENSG00000138696/ENSG00000139219/ENSG00000118596/ENSG00000157601/ENSG00000143126/ENSG00000145934/ENSG00000042832/ENSG00000179546/ENSG00000122420/ENSG00000160181/ENSG00000121594/ENSG00000152208/ENSG00000105641/ENSG00000171992/ENSG00000089250/ENSG00000081277/ENSG00000172410/ENSG00000183049/ENSG00000145242/ENSG00000135312/ENSG00000149021/ENSG00000005882/ENSG00000078401/ENSG00000066923/ENSG00000135903/ENSG00000175868/ENSG00000138798/ENSG00000115194/ENSG00000185313/ENSG00000185345/ENSG00000063176/ENSG00000148308/ENSG00000158516/ENSG00000145996/ENSG00000162873/ENSG00000091536/ENSG00000100027/ENSG00000127129/ENSG00000188389/ENSG00000276977/ENSG00000142319/ENSG00000276996/ENSG00000152284/ENSG00000116039
H,,Factor7_all,5252,846,4383,HALLMARK_TNFA_SIGNALING_VIA_NFKB,46,200,0.23,0.402234378,NA,602/3575/9314/3725/3601/6515/25816/3624/1959/10611/7050/57007/5142/57018/8878/8878/10221/941/388/1906/55332/8942/2353/3398/5791/1051/4609/10938/7124/7124/7124/7124/7124/7124/7124/7124/25976/9945/5734/3164/3383/650/10957/9242/8837/1843/1960/8013/182/595/5329/2152/24145/6890/6890/6890/6890/6890/6890/6890/6890,BCL3/IL7R/KLF4/JUN/IL15RA/SLC2A3/TNFAIP8/INHBA/EGR2/PDLIM5/TGIF1/ACKR3/PDE4B/CCNL1/SQSTM1/SQSTM1/TRIB1/CD80/RHOB/EDN1/DRAM1/KYNU/FOS/ID2/PTPRE/CEBPB/MYC/EHD1/TNF/TNF/TNF/TNF/TNF/TNF/TNF/TNF/TIPARP/GFPT2/PTGER4/NR4A1/ICAM1/BMP2/PNRC1/MSC/CFLAR/DUSP1/EGR3/NR4A3/JAG1/CCND1/PLAUR/F3/PANX1/TAP1/TAP1/TAP1/TAP1/TAP1/TAP1/TAP1/TAP1,ENSG00000069399/ENSG00000168685/ENSG00000136826/ENSG00000177606/ENSG00000134470/ENSG00000059804/ENSG00000145779/ENSG00000122641/ENSG00000122877/ENSG00000163110/ENSG00000177426/ENSG00000144476/ENSG00000184588/ENSG00000163660/ENSG00000161011/ENSG00000284099/ENSG00000173334/ENSG00000121594/ENSG00000143878/ENSG00000078401/ENSG00000136048/ENSG00000115919/ENSG00000170345/ENSG00000115738/ENSG00000132334/ENSG00000172216/ENSG00000136997/ENSG00000110047/ENSG00000232810/ENSG00000228978/ENSG00000204490/ENSG00000223952/ENSG00000228849/ENSG00000228321/ENSG00000230108/ENSG00000206439/ENSG00000163659/ENSG00000131459/ENSG00000171522/ENSG00000123358/ENSG00000090339/ENSG00000125845/ENSG00000146278/ENSG00000178860/ENSG00000003402/ENSG00000120129/ENSG00000179388/ENSG00000119508/ENSG00000101384/ENSG00000110092/ENSG00000011422/ENSG00000117525/ENSG00000110218/ENSG00000168394/ENSG00000232367/ENSG00000227816/ENSG00000226173/ENSG00000224748/ENSG00000230705/ENSG00000224212/ENSG00000206297
H,,Factor7_all,5252,846,4383,HALLMARK_COMPLEMENT,45,200,0.225,0.4383137,NA,837/1803/88/8851/4317/1368/30819/2230/23414/9806/10404/1012/3309/146547/5580/4067/1191/2820/51734/2219/1514/9986/8942/4324/1051/10938/283/7077/3697/8754/8754/4035/3932/5294/1509/255738/5265/5265/51440/5329/3796/1608/2152/10125/55619/9097/5698/5698/5698/5698/5698/5698/5698/5698,CASP4/DPP4/ACTN2/CDK5R1/MMP8/CPM/KCNIP2/FDX1/ZFPM2/SPOCK2/CPQ/CDH13/HSPA5/PRSS36/PRKCD/LYN/CLU/GPD2/MSRB1/FCN1/CTSL/RCE1/KYNU/MMP15/CEBPB/EHD1/ANG/TIMP2/ITIH1/ADAM9/ADAM9/LRP1/LCK/PIK3CG/CTSD/PCSK9/SERPINA1/SERPINA1/HPCAL4/PLAUR/KIF2A/DGKG/F3/RASGRP1/DOCK10/USP14/PSMB9/PSMB9/PSMB9/PSMB9/PSMB9/PSMB9/PSMB9/PSMB9,ENSG00000196954/ENSG00000197635/ENSG00000077522/ENSG00000176749/ENSG00000118113/ENSG00000135678/ENSG00000120049/ENSG00000137714/ENSG00000169946/ENSG00000107742/ENSG00000104324/ENSG00000140945/ENSG00000044574/ENSG00000178226/ENSG00000163932/ENSG00000254087/ENSG00000120885/ENSG00000115159/ENSG00000198736/ENSG00000085265/ENSG00000135047/ENSG00000173653/ENSG00000115919/ENSG00000102996/ENSG00000172216/ENSG00000110047/ENSG00000214274/ENSG00000035862/ENSG00000055957/ENSG00000168615/ENSG00000282230/ENSG00000123384/ENSG00000182866/ENSG00000105851/ENSG00000117984/ENSG00000169174/ENSG00000197249/ENSG00000277377/ENSG00000116983/ENSG00000011422/ENSG00000068796/ENSG00000058866/ENSG00000117525/ENSG00000172575/ENSG00000135905/ENSG00000101557/ENSG00000240065/ENSG00000243958/ENSG00000239836/ENSG00000242711/ENSG00000243594/ENSG00000240508/ENSG00000240118/ENSG00000243067
H,,Factor7_all,5252,846,4383,HALLMARK_GLYCOLYSIS,45,200,0.225,0.4383137,NA,178/205/5214/5318/2817/5917/112399/64077/1462/3486/10020/55501/3309/6383/23443/9456/8497/2745/7033/5836/3099/136/22796/3925/283/638/10380/10164/1944/9672/7295/10331/2542/2542/6662/501/5478/2729/6790/2288/56956/3796/4601/5315/1738/4233,AGL/AK4/PFKP/PKP2/GPC1/RARS1/EGLN3/LHPP/VCAN/IGFBP3/GNE/CHST12/HSPA5/SDC2/SLC35A3/HOMER1/PPFIA4/GLRX/TFF3/PYGL/HK2/ADORA2B/COG2/STMN1/ANG/BIK/BPNT1/CHST4/EFNA3/SDC3/TXN/B3GNT3/SLC37A4/SLC37A4/SOX9/ALDH7A1/PPIA/GCLC/AURKA/FKBP4/LHX9/KIF2A/MXI1/PKM/DLD/MET,ENSG00000162688/ENSG00000162433/ENSG00000067057/ENSG00000057294/ENSG00000063660/ENSG00000113643/ENSG00000129521/ENSG00000107902/ENSG00000038427/ENSG00000146674/ENSG00000159921/ENSG00000136213/ENSG00000044574/ENSG00000169439/ENSG00000117620/ENSG00000152413/ENSG00000143847/ENSG00000173221/ENSG00000160180/ENSG00000100504/ENSG00000159399/ENSG00000170425/ENSG00000135775/ENSG00000117632/ENSG00000214274/ENSG00000100290/ENSG00000162813/ENSG00000140835/ENSG00000143590/ENSG00000162512/ENSG00000136810/ENSG00000179913/ENSG00000137700/ENSG00000281500/ENSG00000125398/ENSG00000164904/ENSG00000196262/ENSG00000001084/ENSG00000087586/ENSG00000004478/ENSG00000143355/ENSG00000068796/ENSG00000119950/ENSG00000067225/ENSG00000091140/ENSG00000105976
H,,Factor7_all,5252,846,4383,HALLMARK_REACTIVE_OXYGEN_SPECIES_PATHWAY,13,49,0.265306122,0.4383137,NA,5214/3087/4482/4482/2242/847/4257/2745/7295/9124/7296/2729/4046/4046/5524,PFKP/HHEX/MSRA/MSRA/FES/CAT/MGST1/GLRX/TXN/PDLIM1/TXNRD1/GCLC/LSP1/LSP1/PTPA,ENSG00000067057/ENSG00000152804/ENSG00000175806/ENSG00000285250/ENSG00000182511/ENSG00000121691/ENSG00000008394/ENSG00000173221/ENSG00000136810/ENSG00000107438/ENSG00000198431/ENSG00000001084/ENSG00000130592/ENSG00000288199/ENSG00000119383
H,,Factor7_all,5252,846,4383,HALLMARK_HYPOXIA,44,200,0.22,0.540182162,NA,205/5214/2817/10891/6095/3725/6515/3486/112464/57007/3309/6383/6518/3516/5317/8497/26136/3340/2745/3099/2651/2651/6533/1490/2353/136/2309/25976/1944/9672/5578/54206/901/10957/2645/2542/2542/1843/1907/5329/4601/9380/596/2152/63827/857,AK4/PFKP/GPC1/PPARGC1A/RORA/JUN/SLC2A3/IGFBP3/CAVIN3/ACKR3/HSPA5/SDC2/SLC2A5/RBPJ/PKP1/PPFIA4/TES/NDST1/GLRX/HK2/GCNT2/GCNT2/SLC6A6/CCN2/FOS/ADORA2B/FOXO3/TIPARP/EFNA3/SDC3/PRKCA/ERRFI1/CCNG2/PNRC1/GCK/SLC37A4/SLC37A4/DUSP1/EDN2/PLAUR/MXI1/GRHPR/BCL2/F3/BCAN/CAV1,ENSG00000162433/ENSG00000067057/ENSG00000063660/ENSG00000109819/ENSG00000069667/ENSG00000177606/ENSG00000059804/ENSG00000146674/ENSG00000170955/ENSG00000144476/ENSG00000044574/ENSG00000169439/ENSG00000142583/ENSG00000168214/ENSG00000081277/ENSG00000143847/ENSG00000135269/ENSG00000070614/ENSG00000173221/ENSG00000159399/ENSG00000111846/ENSG00000285222/ENSG00000131389/ENSG00000118523/ENSG00000170345/ENSG00000170425/ENSG00000118689/ENSG00000163659/ENSG00000143590/ENSG00000162512/ENSG00000154229/ENSG00000116285/ENSG00000138764/ENSG00000146278/ENSG00000106633/ENSG00000137700/ENSG00000281500/ENSG00000120129/ENSG00000127129/ENSG00000011422/ENSG00000119950/ENSG00000137106/ENSG00000171791/ENSG00000117525/ENSG00000132692/ENSG00000105974
H,,Factor7_all,5252,846,4383,HALLMARK_TGF_BETA_SIGNALING,13,54,0.240740741,0.640194392,NA,51592/1499/7050/9241/9612/7040/3398/8412/25937/650/7057/1025/7082/7082,TRIM33/CTNNB1/TGIF1/NOG/NCOR2/TGFB1/ID2/BCAR3/WWTR1/BMP2/THBS1/CDK9/TJP1/TJP1,ENSG00000197323/ENSG00000168036/ENSG00000177426/ENSG00000183691/ENSG00000196498/ENSG00000105329/ENSG00000115738/ENSG00000137936/ENSG00000018408/ENSG00000125845/ENSG00000137801/ENSG00000136807/ENSG00000104067/ENSG00000277401
H,,Factor7_all,5252,846,4383,HALLMARK_ALLOGRAFT_REJECTION,42,200,0.21,0.698739892,NA,3133/3133/3133/3133/3133/3133/3133/602/5917/9734/894/92/3594/4153/3624/6354/3111/3111/3111/3111/3111/3111/3111/7453/9607/896/6688/4067/941/3662/9655/7040/8807/7124/7124/7124/7124/7124/7124/7124/7124/5196/3625/8672/6892/6892/6892/6892/6892/919/3383/7096/10333/940/3932/10225/2533/355/3683/961/973/1984/1984/6890/6890/6890/6890/6890/6890/6890/6890/5788/5788/3135/3135/3135/3135/3135/3135/3135/3135,HLA-E/HLA-E/HLA-E/HLA-E/HLA-E/HLA-E/HLA-E/BCL3/RARS1/HDAC9/CCND2/ACVR2A/IL12RB1/MBL2/INHBA/CCL7/HLA-DOA/HLA-DOA/HLA-DOA/HLA-DOA/HLA-DOA/HLA-DOA/HLA-DOA/WARS1/CARTPT/CCND3/SPI1/LYN/CD80/IRF4/SOCS5/TGFB1/IL18RAP/TNF/TNF/TNF/TNF/TNF/TNF/TNF/TNF/PF4/INHBB/EIF4G3/TAPBP/TAPBP/TAPBP/TAPBP/TAPBP/CD247/ICAM1/TLR1/TLR6/CD28/LCK/CD96/FYB1/FAS/ITGAL/CD47/CD79A/EIF5A/EIF5A/TAP1/TAP1/TAP1/TAP1/TAP1/TAP1/TAP1/TAP1/PTPRC/PTPRC/HLA-G/HLA-G/HLA-G/HLA-G/HLA-G/HLA-G/HLA-G/HLA-G,ENSG00000204592/ENSG00000206493/ENSG00000225201/ENSG00000236632/ENSG00000230254/ENSG00000229252/ENSG00000233904/ENSG00000069399/ENSG00000113643/ENSG00000048052/ENSG00000118971/ENSG00000121989/ENSG00000096996/ENSG00000165471/ENSG00000122641/ENSG00000108688/ENSG00000204252/ENSG00000232957/ENSG00000235744/ENSG00000206292/ENSG00000231558/ENSG00000232962/ENSG00000230141/ENSG00000140105/ENSG00000164326/ENSG00000112576/ENSG00000066336/ENSG00000254087/ENSG00000121594/ENSG00000137265/ENSG00000171150/ENSG00000105329/ENSG00000115607/ENSG00000232810/ENSG00000228978/ENSG00000204490/ENSG00000223952/ENSG00000228849/ENSG00000228321/ENSG00000230108/ENSG00000206439/ENSG00000163737/ENSG00000163083/ENSG00000075151/ENSG00000231925/ENSG00000206281/ENSG00000236490/ENSG00000112493/ENSG00000206208/ENSG00000198821/ENSG00000090339/ENSG00000174125/ENSG00000174130/ENSG00000178562/ENSG00000182866/ENSG00000153283/ENSG00000082074/ENSG00000026103/ENSG00000005844/ENSG00000196776/ENSG00000105369/ENSG00000132507/ENSG00000288145/ENSG00000168394/ENSG00000232367/ENSG00000227816/ENSG00000226173/ENSG00000224748/ENSG00000230705/ENSG00000224212/ENSG00000206297/ENSG00000081237/ENSG00000262418/ENSG00000204632/ENSG00000276051/ENSG00000233095/ENSG00000235680/ENSG00000230413/ENSG00000235346/ENSG00000237216/ENSG00000206506
H,,Factor7_all,5252,846,4383,HALLMARK_ANDROGEN_RESPONSE,22,100,0.22,0.698739892,NA,11099/2982/84159/25803/3248/57178/658/25816/10611/4094/3856/896/9510/1622/11057/3977/3998/5867/60481/8031/1021/595,PTPN21/GUCY1A1/ARID5B/SPDEF/HPGD/ZMIZ1/BMPR1B/TNFAIP8/PDLIM5/MAF/KRT8/CCND3/ADAMTS1/DBI/ABHD2/LIFR/LMAN1/RAB4A/ELOVL5/NCOA4/CDK6/CCND1,ENSG00000070778/ENSG00000164116/ENSG00000150347/ENSG00000124664/ENSG00000164120/ENSG00000108175/ENSG00000138696/ENSG00000145779/ENSG00000163110/ENSG00000178573/ENSG00000170421/ENSG00000112576/ENSG00000154734/ENSG00000155368/ENSG00000140526/ENSG00000113594/ENSG00000074695/ENSG00000168118/ENSG00000012660/ENSG00000266412/ENSG00000105810/ENSG00000110092
H,,Factor7_all,5252,846,4383,HALLMARK_IL2_STAT5_SIGNALING,42,199,0.211055276,0.698739892,NA,5583/7074/2983/10124/6095/23075/894/6515/3655/214/158219/200734/8320/4643/1522/896/5451/3662/388/7372/399/3099/152007/79971/56990/4609/51429/1690/2184/23600/3480/1493/650/943/92749/3682/9910/80324/5025/596/5339/5269,PRKCH/TIAM1/GUCY1B1/ARL4A/RORA/SWAP70/CCND2/SLC2A3/ITGA6/ALCAM/TTC39B/SPRED2/EOMES/MYO1E/CTSZ/CCND3/POU2F1/IRF4/RHOB/UMPS/RHOH/HK2/GLIPR2/WLS/CDC42SE2/MYC/SNX9/COCH/FAH/AMACR/IGF1R/CTLA4/BMP2/TNFRSF8/DRC1/ITGAE/RABGAP1L/PUS1/P2RX4/BCL2/PLEC/SERPINB6,ENSG00000027075/ENSG00000156299/ENSG00000061918/ENSG00000122644/ENSG00000069667/ENSG00000133789/ENSG00000118971/ENSG00000059804/ENSG00000091409/ENSG00000170017/ENSG00000155158/ENSG00000198369/ENSG00000163508/ENSG00000157483/ENSG00000101160/ENSG00000112576/ENSG00000143190/ENSG00000137265/ENSG00000143878/ENSG00000114491/ENSG00000168421/ENSG00000159399/ENSG00000122694/ENSG00000116729/ENSG00000158985/ENSG00000136997/ENSG00000130340/ENSG00000100473/ENSG00000103876/ENSG00000242110/ENSG00000140443/ENSG00000163599/ENSG00000125845/ENSG00000120949/ENSG00000157856/ENSG00000083457/ENSG00000152061/ENSG00000177192/ENSG00000135124/ENSG00000171791/ENSG00000178209/ENSG00000124570
H,,Factor7_all,5252,846,4383,HALLMARK_ANGIOGENESIS,8,36,0.222222222,0.764666729,NA,6578/894/1462/10631/5747/5196/182/7410,SLCO2A1/CCND2/VCAN/POSTN/PTK2/PF4/JAG1/VAV2,ENSG00000174640/ENSG00000118971/ENSG00000038427/ENSG00000133110/ENSG00000169398/ENSG00000163737/ENSG00000101384/ENSG00000160293
H,,Factor7_all,5252,846,4383,HALLMARK_APOPTOSIS,33,161,0.204968944,0.764666729,NA,5366/837/6309/5611/894/3725/6304/1499/1191/8878/8878/301/388/4739/5747/2934/7124/7124/7124/7124/7124/7124/7124/7124/638/7077/118/650/4313/552/6041/8837/9890/1960/5058/595/355/150209/10017/857/6890/6890/6890/6890/6890/6890/6890/6890,PMAIP1/CASP4/SC5D/DNAJC3/CCND2/JUN/SATB1/CTNNB1/CLU/SQSTM1/SQSTM1/ANXA1/RHOB/NEDD9/PTK2/GSN/TNF/TNF/TNF/TNF/TNF/TNF/TNF/TNF/BIK/TIMP2/ADD1/BMP2/MMP2/AVPR1A/RNASEL/CFLAR/PLPPR4/EGR3/PAK1/CCND1/FAS/AIFM3/BCL2L10/CAV1/TAP1/TAP1/TAP1/TAP1/TAP1/TAP1/TAP1/TAP1,ENSG00000141682/ENSG00000196954/ENSG00000109929/ENSG00000102580/ENSG00000118971/ENSG00000177606/ENSG00000182568/ENSG00000168036/ENSG00000120885/ENSG00000161011/ENSG00000284099/ENSG00000135046/ENSG00000143878/ENSG00000111859/ENSG00000169398/ENSG00000148180/ENSG00000232810/ENSG00000228978/ENSG00000204490/ENSG00000223952/ENSG00000228849/ENSG00000228321/ENSG00000230108/ENSG00000206439/ENSG00000100290/ENSG00000035862/ENSG00000087274/ENSG00000125845/ENSG00000087245/ENSG00000166148/ENSG00000135828/ENSG00000003402/ENSG00000117600/ENSG00000179388/ENSG00000149269/ENSG00000110092/ENSG00000026103/ENSG00000183773/ENSG00000137875/ENSG00000105974/ENSG00000168394/ENSG00000232367/ENSG00000227816/ENSG00000226173/ENSG00000224748/ENSG00000230705/ENSG00000224212/ENSG00000206297
H,,Factor7_all,5252,846,4383,HALLMARK_BILE_ACID_METABOLISM,23,112,0.205357143,0.764666729,NA,8443/1734/51015/4734/6310/55670/64577/216/83752/847/10351/83594/2180/54363/5190/8412/5947/196743/10858/23600/3932/21/26061,GNPAT/DIO2/ISOC1/NEDD4/ATXN1/PEX26/ALDH8A1/ALDH1A1/LONP2/CAT/ABCA8/NUDT12/ACSL1/HAO1/PEX6/BCAR3/RBP1/PAOX/CYP46A1/AMACR/LCK/ABCA3/HACL1,ENSG00000116906/ENSG00000211448/ENSG00000066583/ENSG00000069869/ENSG00000124788/ENSG00000215193/ENSG00000118514/ENSG00000165092/ENSG00000102910/ENSG00000121691/ENSG00000141338/ENSG00000112874/ENSG00000151726/ENSG00000101323/ENSG00000124587/ENSG00000137936/ENSG00000114115/ENSG00000148832/ENSG00000036530/ENSG00000242110/ENSG00000182866/ENSG00000167972/ENSG00000131373
H,,Factor7_all,5252,846,4383,HALLMARK_COAGULATION,28,138,0.202898551,0.764666729,NA,1803/4317/4153/10404/731/11098/1191/301/4316/3673/2160/4324/2934/3690/283/5196/55970/824/3697/8754/8754/4035/4313/7057/5265/5265/7018/5654/4320/4320/2152,DPP4/MMP8/MBL2/CPQ/C8A/PRSS23/CLU/ANXA1/MMP7/ITGA2/F11/MMP15/GSN/ITGB3/ANG/PF4/GNG12/CAPN2/ITIH1/ADAM9/ADAM9/LRP1/MMP2/THBS1/SERPINA1/SERPINA1/TF/HTRA1/MMP11/MMP11/F3,ENSG00000197635/ENSG00000118113/ENSG00000165471/ENSG00000104324/ENSG00000157131/ENSG00000150687/ENSG00000120885/ENSG00000135046/ENSG00000137673/ENSG00000164171/ENSG00000088926/ENSG00000102996/ENSG00000148180/ENSG00000259207/ENSG00000214274/ENSG00000163737/ENSG00000172380/ENSG00000162909/ENSG00000055957/ENSG00000168615/ENSG00000282230/ENSG00000123384/ENSG00000087245/ENSG00000137801/ENSG00000197249/ENSG00000277377/ENSG00000091513/ENSG00000166033/ENSG00000099953/ENSG00000275365/ENSG00000117525
H,,Factor7_all,5252,846,4383,HALLMARK_G2M_CHECKPOINT,41,200,0.205,0.764666729,NA,7150/602/5558/8065/9493/7486/4001/4212/8899/23649/23649/6599/9462/4211/1112/5933/3184/3619/23047/2176/26271/1871/5119/7040/5426/4609/3925/11004/3835/899/1950/6118/2935/6632/1033/595/6790/10492/25/22974/4751/9212,TOP1/BCL3/PRIM2/CUL5/KIF23/WRN/LMNB1/MEIS2/PRPF4B/POLA2/POLA2/SMARCC1/RASAL2/MEIS1/FOXN3/RBL1/HNRNPD/INCENP/PDS5B/FANCC/FBXO5/E2F3/CHMP1A/TGFB1/POLE/MYC/STMN1/KIF2C/KIF22/CCNF/EGF/RPA2/GSPT1/SNRPD1/CDKN3/CCND1/AURKA/SYNCRIP/ABL1/TPX2/NEK2/AURKB,ENSG00000198900/ENSG00000069399/ENSG00000146143/ENSG00000166266/ENSG00000137807/ENSG00000165392/ENSG00000113368/ENSG00000134138/ENSG00000112739/ENSG00000014138/ENSG00000285816/ENSG00000173473/ENSG00000075391/ENSG00000143995/ENSG00000053254/ENSG00000080839/ENSG00000138668/ENSG00000149503/ENSG00000083642/ENSG00000158169/ENSG00000112029/ENSG00000112242/ENSG00000131165/ENSG00000105329/ENSG00000177084/ENSG00000136997/ENSG00000117632/ENSG00000142945/ENSG00000079616/ENSG00000162063/ENSG00000138798/ENSG00000117748/ENSG00000103342/ENSG00000167088/ENSG00000100526/ENSG00000110092/ENSG00000087586/ENSG00000135316/ENSG00000097007/ENSG00000088325/ENSG00000117650/ENSG00000178999
H,,Factor7_all,5252,846,4383,HALLMARK_NOTCH_SIGNALING,7,32,0.21875,0.764666729,NA,408/8321/7474/9978/5578/182/595,ARRB1/FZD1/WNT5A/RBX1/PRKCA/JAG1/CCND1,ENSG00000137486/ENSG00000157240/ENSG00000114251/ENSG00000100387/ENSG00000154229/ENSG00000101384/ENSG00000110092
H,,Factor7_all,5252,846,4383,HALLMARK_P53_PATHWAY,40,200,0.2,0.764666729,NA,9314/894/8851/3725/6520/4013/1012/30836/8626/3094/23303/896/23654/3732/55332/5912/26471/23657/2353/2309/29948/7040/5791/5111/3625/26999/6236/677/5784/650/55294/23378/1509/25898/355/2517/11059/64787/4808/6890/6890/6890/6890/6890/6890/6890/6890,KLF4/CCND2/CDK5R1/JUN/SLC3A2/VWA5A/CDH13/DNTTIP2/TP63/HINT1/KIF13B/CCND3/PLXNB2/CD82/DRAM1/RAP2B/NUPR1/SLC7A11/FOS/FOXO3/OSGIN1/TGFB1/PTPRE/PCNA/INHBB/CYFIP2/RRAD/ZFP36L1/PTPN14/BMP2/FBXW7/RRP8/CTSD/RCHY1/FAS/FUCA1/WWP1/EPS8L2/NHLH2/TAP1/TAP1/TAP1/TAP1/TAP1/TAP1/TAP1/TAP1,ENSG00000136826/ENSG00000118971/ENSG00000176749/ENSG00000177606/ENSG00000168003/ENSG00000110002/ENSG00000140945/ENSG00000067334/ENSG00000073282/ENSG00000169567/ENSG00000197892/ENSG00000112576/ENSG00000196576/ENSG00000085117/ENSG00000136048/ENSG00000181467/ENSG00000176046/ENSG00000151012/ENSG00000170345/ENSG00000118689/ENSG00000140961/ENSG00000105329/ENSG00000132334/ENSG00000132646/ENSG00000163083/ENSG00000055163/ENSG00000166592/ENSG00000185650/ENSG00000152104/ENSG00000125845/ENSG00000109670/ENSG00000132275/ENSG00000117984/ENSG00000163743/ENSG00000026103/ENSG00000179163/ENSG00000123124/ENSG00000177106/ENSG00000177551/ENSG00000168394/ENSG00000232367/ENSG00000227816/ENSG00000226173/ENSG00000224748/ENSG00000230705/ENSG00000224212/ENSG00000206297
H,,Factor7_all,5252,846,4383,HALLMARK_APICAL_SURFACE,9,44,0.204545455,0.833272173,NA,51738/84632/4067/2619/55959/146760/51458/255738/5329,GHRL/AFAP1L2/LYN/GAS1/SULF2/RTN4RL1/RHCG/PCSK9/PLAUR,ENSG00000157017/ENSG00000169129/ENSG00000254087/ENSG00000180447/ENSG00000196562/ENSG00000185924/ENSG00000140519/ENSG00000169174/ENSG00000011422
H,,Factor7_all,5252,846,4383,HALLMARK_ESTROGEN_RESPONSE_LATE,38,200,0.19,0.956202187,NA,7074/6196/29887/9314/5577/5577/1952/10439/8204/11098/10105/5121/9060/11057/5241/5618/7033/56603/2353/9612/3398/60481/7022/4681/3705/3705/7869/5733/21/1960/445/5265/5265/595/4886/7517/2288/56521/596/29107/857,TIAM1/RPS6KA2/SNX10/KLF4/PRKAR2B/PRKAR2B/CELSR2/OLFM1/NRIP1/PRSS23/PPIF/PCP4/PAPSS2/ABHD2/PGR/PRLR/TFF3/CYP26B1/FOS/NCOR2/ID2/ELOVL5/TFAP2C/NBL1/ITPK1/ITPK1/SEMA3B/PTGER3/ABCA3/EGR3/ASS1/SERPINA1/SERPINA1/CCND1/NPY1R/XRCC3/FKBP4/DNAJC12/BCL2/NXT1/CAV1,ENSG00000156299/ENSG00000071242/ENSG00000086300/ENSG00000136826/ENSG00000005249/ENSG00000284096/ENSG00000143126/ENSG00000130558/ENSG00000180530/ENSG00000150687/ENSG00000108179/ENSG00000183036/ENSG00000198682/ENSG00000140526/ENSG00000082175/ENSG00000113494/ENSG00000160180/ENSG00000003137/ENSG00000170345/ENSG00000196498/ENSG00000115738/ENSG00000012660/ENSG00000087510/ENSG00000158747/ENSG00000100605/ENSG00000274958/ENSG00000012171/ENSG00000050628/ENSG00000167972/ENSG00000179388/ENSG00000130707/ENSG00000197249/ENSG00000277377/ENSG00000110092/ENSG00000164128/ENSG00000126215/ENSG00000004478/ENSG00000108176/ENSG00000171791/ENSG00000132661/ENSG00000105974
H,,Factor7_all,5252,846,4383,HALLMARK_ADIPOGENESIS,23,200,0.115,0.999986841,NA,64225/8404/10124/8082/130814/2820/29103/10243/7423/1580/847/51805/3977/284/2184/5733/901/83549/1282/334/1306/1384/1738,ATL2/SPARCL1/ARL4A/SSPN/SLC66A3/GPD2/DNAJC15/GPHN/VEGFB/CYP4B1/CAT/COQ3/LIFR/ANGPT1/FAH/PTGER3/CCNG2/UCK1/COL4A1/APLP2/COL15A1/CRAT/DLD,ENSG00000119787/ENSG00000152583/ENSG00000122644/ENSG00000123096/ENSG00000162976/ENSG00000115159/ENSG00000120675/ENSG00000171723/ENSG00000173511/ENSG00000142973/ENSG00000121691/ENSG00000132423/ENSG00000113594/ENSG00000154188/ENSG00000103876/ENSG00000050628/ENSG00000138764/ENSG00000130717/ENSG00000187498/ENSG00000084234/ENSG00000204291/ENSG00000095321/ENSG00000091140
H,,Factor7_all,5252,846,4383,HALLMARK_CHOLESTEROL_HOMEOSTASIS,13,74,0.175675676,0.999986841,NA,6309/214/2731/1499/1191/2770/7869/54206/10957/552/182/5329/10654,SC5D/ALCAM/GLDC/CTNNB1/CLU/GNAI1/SEMA3B/ERRFI1/PNRC1/AVPR1A/JAG1/PLAUR/PMVK,ENSG00000109929/ENSG00000170017/ENSG00000178445/ENSG00000168036/ENSG00000120885/ENSG00000127955/ENSG00000012171/ENSG00000116285/ENSG00000146278/ENSG00000166148/ENSG00000101384/ENSG00000011422/ENSG00000163344
H,,Factor7_all,5252,846,4383,HALLMARK_DNA_REPAIR,22,150,0.146666667,0.999986841,NA,6119/4059/5142/5148/23649/23649/5980/64976/11130/7372/5435/2072/5111/10978/9978/6118/9013/2965/2965/1161/10946/9328/9533/6827,RPA3/BCAM/PDE4B/PDE6G/POLA2/POLA2/REV3L/MRPL40/ZWINT/UMPS/POLR2F/ERCC4/PCNA/CLP1/RBX1/RPA2/TAF1C/GTF2H1/GTF2H1/ERCC8/SF3A3/GTF3C5/POLR1C/SUPT4H1,ENSG00000106399/ENSG00000187244/ENSG00000184588/ENSG00000185527/ENSG00000014138/ENSG00000285816/ENSG00000009413/ENSG00000185608/ENSG00000122952/ENSG00000114491/ENSG00000100142/ENSG00000175595/ENSG00000132646/ENSG00000172409/ENSG00000100387/ENSG00000117748/ENSG00000103168/ENSG00000110768/ENSG00000288114/ENSG00000049167/ENSG00000183431/ENSG00000148308/ENSG00000171453/ENSG00000213246
H,,Factor7_all,5252,846,4383,HALLMARK_E2F_TARGETS,29,200,0.145,0.999986841,NA,5558/6119/4001/23649/23649/147841/84296/29980/3184/6628/4683/23047/5426/4609/3925/5111/11004/9972/6941/6941/6941/6941/6941/6941/6941/3835/10606/55143/6118/2935/79677/1033/6790/10492/6117/9212,PRIM2/RPA3/LMNB1/POLA2/POLA2/SPC24/GINS4/DONSON/HNRNPD/SNRPB/NBN/PDS5B/POLE/MYC/STMN1/PCNA/KIF2C/NUP153/TCF19/TCF19/TCF19/TCF19/TCF19/TCF19/TCF19/KIF22/PAICS/CDCA8/RPA2/GSPT1/SMC6/CDKN3/AURKA/SYNCRIP/RPA1/AURKB,ENSG00000146143/ENSG00000106399/ENSG00000113368/ENSG00000014138/ENSG00000285816/ENSG00000161888/ENSG00000147536/ENSG00000159147/ENSG00000138668/ENSG00000125835/ENSG00000104320/ENSG00000083642/ENSG00000177084/ENSG00000136997/ENSG00000117632/ENSG00000132646/ENSG00000142945/ENSG00000124789/ENSG00000137310/ENSG00000224472/ENSG00000206455/ENSG00000224941/ENSG00000233890/ENSG00000224379/ENSG00000234674/ENSG00000079616/ENSG00000128050/ENSG00000134690/ENSG00000117748/ENSG00000103342/ENSG00000163029/ENSG00000100526/ENSG00000087586/ENSG00000135316/ENSG00000132383/ENSG00000178999
H,,Factor7_all,5252,846,4383,HALLMARK_FATTY_ACID_METABOLISM,21,158,0.132911392,0.999986841,NA,762/131/2271/3248/658/874/1374/2820/216/594/2180/4683/5805/2572/60481/728294/84532/1543/9380/1384/1738,CA4/ADH7/FH/HPGD/BMPR1B/CBR3/CPT1A/GPD2/ALDH1A1/BCKDHB/ACSL1/NBN/PTS/GAD2/ELOVL5/D2HGDH/ACSS1/CYP1A1/GRHPR/CRAT/DLD,ENSG00000167434/ENSG00000196344/ENSG00000091483/ENSG00000164120/ENSG00000138696/ENSG00000159231/ENSG00000110090/ENSG00000115159/ENSG00000165092/ENSG00000083123/ENSG00000151726/ENSG00000104320/ENSG00000150787/ENSG00000136750/ENSG00000012660/ENSG00000180902/ENSG00000154930/ENSG00000140465/ENSG00000137106/ENSG00000095321/ENSG00000091140
H,,Factor7_all,5252,846,4383,HALLMARK_HEME_METABOLISM,35,200,0.175,0.999986841,NA,7150/10098/6005/4059/831/129642/7299/10840/7029/8945/896/4005/6397/571/847/10841/10841/23112/7145/23657/23608/2309/6710/286/3386/23305/118/51092/8031/51218/2729/55034/4601/50865/23351/3145,TOP1/TSPAN5/RHAG/BCAM/CAST/MBOAT2/TYR/ALDH1L1/TFDP2/BTRC/CCND3/LMO2/SEC14L1/BACH1/CAT/FTCD/FTCD/TNRC6B/TNS1/SLC7A11/MKRN1/FOXO3/SPTB/ANK1/ICAM4/ACSL6/ADD1/SIDT2/NCOA4/GLRX5/GCLC/MOCOS/MXI1/HEBP1/KHNYN/HMBS,ENSG00000198900/ENSG00000168785/ENSG00000112077/ENSG00000187244/ENSG00000153113/ENSG00000143797/ENSG00000077498/ENSG00000144908/ENSG00000114126/ENSG00000166167/ENSG00000112576/ENSG00000135363/ENSG00000129657/ENSG00000156273/ENSG00000121691/ENSG00000160282/ENSG00000281775/ENSG00000100354/ENSG00000079308/ENSG00000151012/ENSG00000133606/ENSG00000118689/ENSG00000070182/ENSG00000029534/ENSG00000105371/ENSG00000164398/ENSG00000087274/ENSG00000149577/ENSG00000266412/ENSG00000182512/ENSG00000001084/ENSG00000075643/ENSG00000119950/ENSG00000013583/ENSG00000100441/ENSG00000256269
H,,Factor7_all,5252,846,4383,HALLMARK_IL6_JAK_STAT3_SIGNALING,15,87,0.172413793,0.999986841,NA,3953/3725/3601/3594/1441/10254/6354/4055/7040/7124/7124/7124/7124/7124/7124/7124/7124/3690/5196/3454/355/867,LEPR/JUN/IL15RA/IL12RB1/CSF3R/STAM2/CCL7/LTBR/TGFB1/TNF/TNF/TNF/TNF/TNF/TNF/TNF/TNF/ITGB3/PF4/IFNAR1/FAS/CBL,ENSG00000116678/ENSG00000177606/ENSG00000134470/ENSG00000096996/ENSG00000119535/ENSG00000115145/ENSG00000108688/ENSG00000111321/ENSG00000105329/ENSG00000232810/ENSG00000228978/ENSG00000204490/ENSG00000223952/ENSG00000228849/ENSG00000228321/ENSG00000230108/ENSG00000206439/ENSG00000259207/ENSG00000163737/ENSG00000142166/ENSG00000026103/ENSG00000110395
H,,Factor7_all,5252,846,4383,HALLMARK_INTERFERON_ALPHA_RESPONSE,14,97,0.144329897,0.999986841,NA,10964/55603/54809/7453/4599/684/9830/135112/9111/103/3107/3107/3107/3107/3107/3107/3107/961/5698/5698/5698/5698/5698/5698/5698/5698/6890/6890/6890/6890/6890/6890/6890/6890,IFI44L/TENT5A/SAMD9/WARS1/MX1/BST2/TRIM14/NCOA7/NMI/ADAR/HLA-C/HLA-C/HLA-C/HLA-C/HLA-C/HLA-C/HLA-C/CD47/PSMB9/PSMB9/PSMB9/PSMB9/PSMB9/PSMB9/PSMB9/PSMB9/TAP1/TAP1/TAP1/TAP1/TAP1/TAP1/TAP1/TAP1,ENSG00000137959/ENSG00000112773/ENSG00000205413/ENSG00000140105/ENSG00000157601/ENSG00000130303/ENSG00000106785/ENSG00000111912/ENSG00000123609/ENSG00000160710/ENSG00000204525/ENSG00000206435/ENSG00000233841/ENSG00000237022/ENSG00000206452/ENSG00000228299/ENSG00000225691/ENSG00000196776/ENSG00000240065/ENSG00000243958/ENSG00000239836/ENSG00000242711/ENSG00000243594/ENSG00000240508/ENSG00000240118/ENSG00000243067/ENSG00000168394/ENSG00000232367/ENSG00000227816/ENSG00000226173/ENSG00000224748/ENSG00000230705/ENSG00000224212/ENSG00000206297
H,,Factor7_all,5252,846,4383,HALLMARK_INTERFERON_GAMMA_RESPONSE,36,200,0.18,0.999986841,NA,10964/163351/5214/84159/837/51735/10124/51015/8082/3601/55024/55016/6354/7453/4599/57823/5142/1240/684/9934/9830/6717/9111/3662/103/10392/317649/6892/6892/6892/6892/6892/3383/3695/355/8737/256586/5698/5698/5698/5698/5698/5698/5698/5698/6890/6890/6890/6890/6890/6890/6890/6890/3135/3135/3135/3135/3135/3135/3135/3135,IFI44L/GBP6/PFKP/ARID5B/CASP4/RAPGEF6/ARL4A/ISOC1/SSPN/IL15RA/BANK1/MARCHF1/CCL7/WARS1/MX1/SLAMF7/PDE4B/CMKLR1/BST2/P2RY14/TRIM14/SRI/NMI/IRF4/ADAR/NOD1/EIF4E3/TAPBP/TAPBP/TAPBP/TAPBP/TAPBP/ICAM1/ITGB7/FAS/RIPK1/LYSMD2/PSMB9/PSMB9/PSMB9/PSMB9/PSMB9/PSMB9/PSMB9/PSMB9/TAP1/TAP1/TAP1/TAP1/TAP1/TAP1/TAP1/TAP1/HLA-G/HLA-G/HLA-G/HLA-G/HLA-G/HLA-G/HLA-G/HLA-G,ENSG00000137959/ENSG00000183347/ENSG00000067057/ENSG00000150347/ENSG00000196954/ENSG00000158987/ENSG00000122644/ENSG00000066583/ENSG00000123096/ENSG00000134470/ENSG00000153064/ENSG00000145416/ENSG00000108688/ENSG00000140105/ENSG00000157601/ENSG00000026751/ENSG00000184588/ENSG00000174600/ENSG00000130303/ENSG00000174944/ENSG00000106785/ENSG00000075142/ENSG00000123609/ENSG00000137265/ENSG00000160710/ENSG00000106100/ENSG00000163412/ENSG00000231925/ENSG00000206281/ENSG00000236490/ENSG00000112493/ENSG00000206208/ENSG00000090339/ENSG00000139626/ENSG00000026103/ENSG00000137275/ENSG00000140280/ENSG00000240065/ENSG00000243958/ENSG00000239836/ENSG00000242711/ENSG00000243594/ENSG00000240508/ENSG00000240118/ENSG00000243067/ENSG00000168394/ENSG00000232367/ENSG00000227816/ENSG00000226173/ENSG00000224748/ENSG00000230705/ENSG00000224212/ENSG00000206297/ENSG00000204632/ENSG00000276051/ENSG00000233095/ENSG00000235680/ENSG00000230413/ENSG00000235346/ENSG00000237216/ENSG00000206506
H,,Factor7_all,5252,846,4383,HALLMARK_MTORC1_SIGNALING,32,200,0.16,0.999986841,NA,205/6309/112399/6515/8624/7453/3309/871/5718/8878/8878/3308/26136/2745/3099/6533/26471/23657/10622/60481/10987/899/11151/26747/2965/2965/2542/2542/5478/7296/2729/80777/6790/6117/3145,AK4/SC5D/EGLN3/SLC2A3/PSMG1/WARS1/HSPA5/SERPINH1/PSMD12/SQSTM1/SQSTM1/HSPA4/TES/GLRX/HK2/SLC6A6/NUPR1/SLC7A11/POLR3G/ELOVL5/COPS5/CCNF/CORO1A/NUFIP1/GTF2H1/GTF2H1/SLC37A4/SLC37A4/PPIA/TXNRD1/GCLC/CYB5B/AURKA/RPA1/HMBS,ENSG00000162433/ENSG00000109929/ENSG00000129521/ENSG00000059804/ENSG00000183527/ENSG00000140105/ENSG00000044574/ENSG00000149257/ENSG00000197170/ENSG00000161011/ENSG00000284099/ENSG00000170606/ENSG00000135269/ENSG00000173221/ENSG00000159399/ENSG00000131389/ENSG00000176046/ENSG00000151012/ENSG00000113356/ENSG00000012660/ENSG00000121022/ENSG00000162063/ENSG00000102879/ENSG00000083635/ENSG00000110768/ENSG00000288114/ENSG00000137700/ENSG00000281500/ENSG00000196262/ENSG00000198431/ENSG00000001084/ENSG00000103018/ENSG00000087586/ENSG00000132383/ENSG00000256269
H,,Factor7_all,5252,846,4383,HALLMARK_MYC_TARGETS_V1,18,200,0.09,0.999986841,NA,7324/6599/3184/26986/4609/5111/7332/10987/2739/6723/2935/5682/6632/5478/10492/10291/10971/9045,UBE2E1/SMARCC1/HNRNPD/PABPC1/MYC/PCNA/UBE2L3/COPS5/GLO1/SRM/GSPT1/PSMA1/SNRPD1/PPIA/SYNCRIP/SF3A1/YWHAQ/RPL14,ENSG00000170142/ENSG00000173473/ENSG00000138668/ENSG00000070756/ENSG00000136997/ENSG00000132646/ENSG00000185651/ENSG00000121022/ENSG00000124767/ENSG00000116649/ENSG00000103342/ENSG00000129084/ENSG00000167088/ENSG00000196262/ENSG00000135316/ENSG00000099995/ENSG00000134308/ENSG00000188846
H,,Factor7_all,5252,846,4383,HALLMARK_MYC_TARGETS_V2,7,58,0.120689655,0.999986841,NA,54663/83743/3099/4609/6723/80324/51388,WDR74/GRWD1/HK2/MYC/SRM/PUS1/NIP7,ENSG00000133316/ENSG00000105447/ENSG00000159399/ENSG00000136997/ENSG00000116649/ENSG00000177192/ENSG00000132603
H,,Factor7_all,5252,846,4383,HALLMARK_OXIDATIVE_PHOSPHORYLATION,26,200,0.13,0.999986841,NA,1327/2271/1353/2230/7386/1374/51606/518/4719/4719/4724/64963/5435/4718/10128/9550/64960/522/64981/4717/4835/8604/527/92609/51318/1738/4942,COX4I1/FH/COX11/FDX1/UQCRFS1/CPT1A/ATP6V1H/ATP5MC3/NDUFS1/NDUFS1/NDUFS4/MRPS11/POLR2F/NDUFC2/LRPPRC/ATP6V1G1/MRPS15/ATP5PF/MRPL34/NDUFC1/NQO2/SLC25A12/ATP6V0C/TIMM50/MRPL35/DLD/OAT,ENSG00000131143/ENSG00000091483/ENSG00000166260/ENSG00000137714/ENSG00000169021/ENSG00000110090/ENSG00000047249/ENSG00000154518/ENSG00000023228/ENSG00000283447/ENSG00000164258/ENSG00000181991/ENSG00000100142/ENSG00000151366/ENSG00000138095/ENSG00000136888/ENSG00000116898/ENSG00000154723/ENSG00000130312/ENSG00000109390/ENSG00000124588/ENSG00000115840/ENSG00000185883/ENSG00000105197/ENSG00000132313/ENSG00000091140/ENSG00000065154
H,,Factor7_all,5252,846,4383,HALLMARK_PEROXISOME,17,104,0.163461538,0.999986841,NA,8443/51015/6310/6599/216/83752/847/2180/26986/7356/5190/23705/60481/6833/774/1384/2100,GNPAT/ISOC1/ATXN1/SMARCC1/ALDH1A1/LONP2/CAT/ACSL1/PABPC1/SCGB1A1/PEX6/CADM1/ELOVL5/ABCC8/CACNA1B/CRAT/ESR2,ENSG00000116906/ENSG00000066583/ENSG00000124788/ENSG00000173473/ENSG00000165092/ENSG00000102910/ENSG00000121691/ENSG00000151726/ENSG00000070756/ENSG00000149021/ENSG00000124587/ENSG00000182985/ENSG00000012660/ENSG00000006071/ENSG00000148408/ENSG00000095321/ENSG00000140009
H,,Factor7_all,5252,846,4383,HALLMARK_PI3K_AKT_MTOR_SIGNALING,13,105,0.123809524,0.999986841,NA,7074/1072/5602/8878/8878/6195/6195/10392/57521/5335/5308/3932/8737/51719/4803,TIAM1/CFL1/MAPK10/SQSTM1/SQSTM1/RPS6KA1/RPS6KA1/NOD1/RPTOR/PLCG1/PITX2/LCK/RIPK1/CAB39/NGF,ENSG00000156299/ENSG00000172757/ENSG00000109339/ENSG00000161011/ENSG00000284099/ENSG00000117676/ENSG00000281877/ENSG00000106100/ENSG00000141564/ENSG00000124181/ENSG00000164093/ENSG00000182866/ENSG00000137275/ENSG00000135932/ENSG00000134259
H,,Factor7_all,5252,846,4383,HALLMARK_PROTEIN_SECRETION,15,96,0.15625,0.999986841,NA,6456/81542/8082/3382/858/51606/3998/664/22796/22872/8775/8546/372/8027/525,SH3GL2/TMX1/SSPN/ICA1/CAV2/ATP6V1H/LMAN1/BNIP3/COG2/SEC31A/NAPA/AP3B1/ARCN1/STAM/ATP6V1B1,ENSG00000107295/ENSG00000139921/ENSG00000123096/ENSG00000003147/ENSG00000105971/ENSG00000047249/ENSG00000074695/ENSG00000176171/ENSG00000135775/ENSG00000138674/ENSG00000105402/ENSG00000132842/ENSG00000095139/ENSG00000136738/ENSG00000116039
H,,Factor7_all,5252,846,4383,HALLMARK_SPERMATOGENESIS,25,135,0.185185185,0.999986841,NA,1630/84779/135138/10124/10880/10254/1761/8624/5037/23175/6518/419/4842/3595/116/29118/5443/11004/1033/6790/2571/83401/4889/23397/4751,DCC/NAA11/PACRG/ARL4A/ACTL7B/STAM2/DMRT1/PSMG1/PEBP1/LPIN1/SLC2A5/ART3/NOS1/IL12RB2/ADCYAP1/DDX25/POMC/KIF2C/CDKN3/AURKA/GAD1/ELOVL3/NPY5R/NCAPH/NEK2,ENSG00000187323/ENSG00000156269/ENSG00000112530/ENSG00000122644/ENSG00000148156/ENSG00000115145/ENSG00000137090/ENSG00000183527/ENSG00000089220/ENSG00000134324/ENSG00000142583/ENSG00000156219/ENSG00000089250/ENSG00000081985/ENSG00000141433/ENSG00000109832/ENSG00000115138/ENSG00000142945/ENSG00000100526/ENSG00000087586/ENSG00000128683/ENSG00000119915/ENSG00000164129/ENSG00000121152/ENSG00000117650
H,,Factor7_all,5252,846,4383,HALLMARK_UNFOLDED_PROTEIN_RESPONSE,11,113,0.097345133,0.999986841,NA,5611/64924/1662/1054/3309/10605/55062/6897/57472/1051/22872,DNAJC3/SLC30A5/DDX10/CEBPG/HSPA5/PAIP1/WIPI1/TARS1/CNOT6/CEBPB/SEC31A,ENSG00000102580/ENSG00000145740/ENSG00000178105/ENSG00000153879/ENSG00000044574/ENSG00000172239/ENSG00000070540/ENSG00000113407/ENSG00000113300/ENSG00000172216/ENSG00000138674
H,,Factor7_all,5252,846,4383,HALLMARK_UV_RESPONSE_UP,26,158,0.164556962,0.999986841,NA,8817/1054/1280/10439/896/5580/4067/8878/8878/27161/10105/388/6897/2353/5471/6236/3164/3383/1482/650/80777/2288/1543/58525/10125/409/6890/6890/6890/6890/6890/6890/6890/6890,FGF18/CEBPG/COL2A1/OLFM1/CCND3/PRKCD/LYN/SQSTM1/SQSTM1/AGO2/PPIF/RHOB/TARS1/FOS/PPAT/RRAD/NR4A1/ICAM1/NKX2-5/BMP2/CYB5B/FKBP4/CYP1A1/WIZ/RASGRP1/ARRB2/TAP1/TAP1/TAP1/TAP1/TAP1/TAP1/TAP1/TAP1,ENSG00000156427/ENSG00000153879/ENSG00000139219/ENSG00000130558/ENSG00000112576/ENSG00000163932/ENSG00000254087/ENSG00000161011/ENSG00000284099/ENSG00000123908/ENSG00000108179/ENSG00000143878/ENSG00000113407/ENSG00000170345/ENSG00000128059/ENSG00000166592/ENSG00000123358/ENSG00000090339/ENSG00000183072/ENSG00000125845/ENSG00000103018/ENSG00000004478/ENSG00000140465/ENSG00000011451/ENSG00000172575/ENSG00000141480/ENSG00000168394/ENSG00000232367/ENSG00000227816/ENSG00000226173/ENSG00000224748/ENSG00000230705/ENSG00000224212/ENSG00000206297
H,,Factor7_all,5252,846,4383,HALLMARK_XENOBIOTIC_METABOLISM,34,200,0.17,0.999986841,NA,131/4153/10611/3479/7299/847/1066/1066/9060/5805/2940/2651/2651/6533/8942/2160/2099/9564/9564/3398/60481/29785/2184/26999/3697/957/51733/8714/7274/2729/355/2571/26061/1543/57447/8310/4522,ADH7/MBL2/PDLIM5/IGF1/TYR/CAT/CES1/CES1/PAPSS2/PTS/GSTA3/GCNT2/GCNT2/SLC6A6/KYNU/F11/ESR1/BCAR1/BCAR1/ID2/ELOVL5/CYP2S1/FAH/CYFIP2/ITIH1/ENTPD5/UPB1/ABCC3/TTPA/GCLC/FAS/GAD1/HACL1/CYP1A1/NDRG2/ACOX3/MTHFD1,ENSG00000196344/ENSG00000165471/ENSG00000163110/ENSG00000017427/ENSG00000077498/ENSG00000121691/ENSG00000198848/ENSG00000262243/ENSG00000198682/ENSG00000150787/ENSG00000174156/ENSG00000111846/ENSG00000285222/ENSG00000131389/ENSG00000115919/ENSG00000088926/ENSG00000091831/ENSG00000050820/ENSG00000285460/ENSG00000115738/ENSG00000012660/ENSG00000167600/ENSG00000103876/ENSG00000055163/ENSG00000055957/ENSG00000187097/ENSG00000100024/ENSG00000108846/ENSG00000137561/ENSG00000001084/ENSG00000026103/ENSG00000128683/ENSG00000131373/ENSG00000140465/ENSG00000165795/ENSG00000087008/ENSG00000100714